"invoice_no","stock_code","example_description","source_lines","net_units","min_unit_price_gbp","max_unit_price_gbp","net_line_value_gbp","flagged_lines"
"574941","22197","POPCORN HOLDER","1","1820","1.9500","1.9500","3549.0000","0"
"574941","22086","PAPER CHAIN KIT 50'S CHRISTMAS","1","478","6.9500","6.9500","3322.1000","0"
"574941","23084","RABBIT NIGHT LIGHT","1","628","4.9500","4.9500","3108.6000","0"
"574941","23344","JUMBO BAG 50'S CHRISTMAS","1","484","4.9500","4.9500","2395.8000","0"
"574941","23203","JUMBO BAG VINTAGE DOILY","1","375","4.9500","4.9500","1856.2500","0"
"574941","23581","JUMBO BAG PAISLEY PARK","1","314","4.9500","4.9500","1554.3000","0"
"574941","23571","TRADITIONAL NAUGHTS & CROSSES","1","370","3.9500","3.9500","1461.5000","0"
"574941","84347","ROTATING SILVER ANGELS T-LIGHT HLDR","1","236","5.9500","5.9500","1404.2000","0"
"574941","23201","JUMBO BAG ALPHABET","1","257","4.9500","4.9500","1272.1500","0"
"574941","22910","PAPER CHAIN KIT VINTAGE CHRISTMAS","1","171","6.9500","6.9500","1188.4500","0"
"574941","22158","3 HEARTS HANGING DECORATION RUSTIC","1","163","6.9500","6.9500","1132.8500","0"
"574941","23570","TRADITIONAL PICK UP STICKS GAME","1","384","2.9500","2.9500","1132.8000","0"
"574941","23343","JUMBO BAG VINTAGE CHRISTMAS","1","215","4.9500","4.9500","1064.2500","0"
"574941","23077","DOUGHNUT LIP GLOSS","1","350","2.9500","2.9500","1032.5000","0"
"574941","21915","RED HARMONICA IN BOX","1","335","2.9500","2.9500","988.2500","0"
"574941","23355","HOT WATER BOTTLE KEEP CALM","1","67","12.9500","12.9500","867.6500","0"
"574941","23582","VINTAGE DOILY JUMBO BAG RED","1","147","4.9500","4.9500","727.6500","0"
"574941","20971","PINK BLUE FELT CRAFT TRINKET BOX","1","242","2.9500","2.9500","713.9000","0"
"574941","23313","VINTAGE CHRISTMAS BUNTING","1","54","12.9500","12.9500","699.3000","0"
"574941","22866","HAND WARMER SCOTTY DOG DESIGN","1","138","4.9500","4.9500","683.1000","0"
"574941","22554","PLASTERS IN TIN WOODLAND ANIMALS","1","168","3.9500","3.9500","663.6000","0"
"574941","23439","HAND WARMER RED LOVE HEART","1","133","4.9500","4.9500","658.3500","0"
"574941","23493","VINTAGE DOILY TRAVEL SEWING KIT","1","131","4.9500","4.9500","648.4500","0"
"574941","22551","PLASTERS IN TIN SPACEBOY","1","158","3.9500","3.9500","624.1000","0"
"574941","21791","VINTAGE HEADS AND TAILS CARD GAME","1","210","2.9500","2.9500","619.5000","0"
"574941","23301","GARDENERS KNEELING PAD KEEP CALM","1","153","3.9500","3.9500","604.3500","0"
"574941","22114","HOT WATER BOTTLE TEA AND SYMPATHY","1","57","9.9500","9.9500","567.1500","0"
"574941","23192","BUNDLE OF 3 ALPHABET EXERCISE BOOKS","1","139","3.9500","3.9500","549.0500","0"
"574941","23188","VINTAGE 2 METRE FOLDING RULER","1","137","3.9500","3.9500","541.1500","0"
"574941","22111","SCOTTIE DOG HOT WATER BOTTLE","1","41","12.9500","12.9500","530.9500","0"
"574941","84946","ANTIQUE SILVER T-LIGHT GLASS","1","168","2.9500","2.9500","495.6000","0"
"574941","22992","REVOLVER WOODEN RULER","1","100","4.9500","4.9500","495.0000","0"
"574941","21790","VINTAGE SNAP CARDS","1","253","1.9500","1.9500","493.3500","0"
"574941","22867","HAND WARMER BIRD DESIGN","1","98","4.9500","4.9500","485.1000","0"
"574941","23319","BOX OF 6 MINI 50'S CRACKERS","1","78","5.9500","5.9500","464.1000","0"
"574941","21889","WOODEN BOX OF DOMINOES","1","156","2.9500","2.9500","460.2000","0"
"574941","23300","GARDENERS KNEELING PAD CUP OF TEA","1","116","3.9500","3.9500","458.2000","0"
"574941","23207","LUNCH BAG ALPHABET DESIGN","1","86","4.9500","4.9500","425.7000","0"
"574941","23247","BISCUIT TIN 50'S CHRISTMAS","1","61","6.9500","6.9500","423.9500","0"
"574941","84978","HANGING HEART JAR T-LIGHT HOLDER","1","140","2.9500","2.9500","413.0000","0"
"574941","22865","HAND WARMER OWL DESIGN","1","82","4.9500","4.9500","405.9000","0"
"574941","22734","SET OF 6 RIBBONS VINTAGE CHRISTMAS","1","56","6.9500","6.9500","389.2000","0"
"574941","23504","PLAYING CARDS JUBILEE UNION JACK","1","131","2.9500","2.9500","386.4500","0"
"574941","23321","SMALL WHITE HEART OF WICKER","1","95","3.9500","3.9500","375.2500","0"
"574941","22952","60 CAKE CASES VINTAGE CHRISTMAS","1","245","1.5000","1.5000","367.5000","0"
"574941","23154","SET OF 4 JAM JAR MAGNETS","1","72","4.9500","4.9500","356.4000","0"
"574941","22727","ALARM CLOCK BAKELIKE RED","1","39","8.9500","8.9500","349.0500","0"
"574941","22909","SET OF 20 VINTAGE CHRISTMAS NAPKINS","1","179","1.9500","1.9500","349.0500","0"
"574941","22596","CHRISTMAS STAR WISH LIST CHALKBOARD","1","117","2.9500","2.9500","345.1500","0"
"574941","22961","JAM MAKING SET PRINTED","1","85","3.9500","3.9500","335.7500","0"
"574941","22492","MINI PAINT SET VINTAGE","1","171","1.9500","1.9500","333.4500","0"
"574941","23503","PLAYING CARDS KEEP CALM & CARRY ON","1","109","2.9500","2.9500","321.5500","0"
"574941","22561","WOODEN SCHOOL COLOURING SET","1","80","3.9500","3.9500","316.0000","0"
"574941","22993","SET OF 4 PANTRY JELLY MOULDS","1","104","2.9500","2.9500","306.8000","0"
"574941","22900","SET 2 TEA TOWELS I LOVE LONDON","1","38","7.9500","7.9500","302.1000","0"
"574941","23494","VINTAGE DOILY DELUXE SEWING KIT","1","20","14.9500","14.9500","299.0000","0"
"574941","22991","GIRAFFE WOODEN RULER","1","59","4.9500","4.9500","292.0500","0"
"574941","22469","HEART OF WICKER SMALL","1","73","3.9500","3.9500","288.3500","0"
"574941","22470","HEART OF WICKER LARGE","1","40","6.9500","6.9500","278.0000","0"
"574941","23389","SPACEBOY MINI BACKPACK","1","27","9.9500","9.9500","268.6500","0"
"574941","23238","SET OF 4 KNICK KNACK TINS LONDON","1","25","9.9500","9.9500","248.7500","0"
"574941","23318","BOX OF 6 MINI VINTAGE CRACKERS","1","41","5.9500","5.9500","243.9500","0"
"574941","22726","ALARM CLOCK BAKELIKE GREEN","1","27","8.9500","8.9500","241.6500","0"
"574941","23378","PACK OF 12 50'S CHRISTMAS TISSUES","1","228","1.0000","1.0000","228.0000","0"
"574941","23309","SET OF 60 I LOVE LONDON CAKE CASES","1","149","1.5000","1.5000","223.5000","0"
"574941","23505","PLAYING CARDS I LOVE LONDON","1","75","2.9500","2.9500","221.2500","0"
"574941","23354","6 GIFT TAGS 50'S CHRISTMAS","1","104","1.9500","1.9500","202.8000","0"
"574941","23371","SET 36 COLOUR PENCILS SPACEBOY","1","63","2.9500","2.9500","185.8500","0"
"574941","20977","36 PENCILS TUBE WOODLAND","1","62","2.9500","2.9500","182.9000","0"
"574941","23369","SET 36 COLOUR PENCILS LOVE LONDON","1","61","2.9500","2.9500","179.9500","0"
"574941","23367","SET 12 COLOUR PENCILS SPACEBOY","1","115","1.5000","1.5000","172.5000","0"
"574941","23365","SET 12 COLOUR PENCILS LOVE LONDON","1","111","1.5000","1.5000","166.5000","0"
"574941","23535","WALL ART BICYCLE SAFETY","1","11","14.9500","14.9500","164.4500","0"
"574941","23312","VINTAGE CHRISTMAS GIFT SACK","1","16","9.9500","9.9500","159.2000","0"
"574941","23329","DECORATIVE WICKER HEART LARGE","1","40","3.9500","3.9500","158.0000","0"
"574941","20973","12 PENCIL SMALL TUBE WOODLAND","1","104","1.5000","1.5000","156.0000","0"
"574941","23351","ROLL WRAP 50'S CHRISTMAS","1","51","2.9500","2.9500","150.4500","0"
"574941","23005","TRAVEL CARD WALLET I LOVE LONDON","1","149","1.0000","1.0000","149.0000","0"
"574941","23370","SET 36 COLOURING PENCILS DOILY","1","49","2.9500","2.9500","144.5500","0"
"574941","23332","IVORY WICKER HEART LARGE","1","36","3.9500","3.9500","142.2000","0"
"574941","22616","PACK OF 12 LONDON TISSUES","1","138","1.0000","1.0000","138.0000","0"
"574941","23376","PACK OF 12 VINTAGE CHRISTMAS TISSUE","1","138","1.0000","1.0000","138.0000","0"
"574941","23293","SET OF 12 FAIRY CAKE BAKING CASES","1","64","1.9500","1.9500","124.8000","0"
"574941","23526","WALL ART DOG LICENCE","1","8","14.9500","14.9500","119.6000","0"
"574941","22998","TRAVEL CARD WALLET KEEP CALM","1","110","1.0000","1.0000","110.0000","0"
"574941","23366","SET 12 COLOURING PENCILS DOILY","1","73","1.5000","1.5000","109.5000","0"
"574941","22659","LUNCH BOX I LOVE LONDON","1","22","4.9500","4.9500","108.9000","0"
"574941","22966","GINGERBREAD MAN COOKIE CUTTER","1","36","2.9500","2.9500","106.2000","0"
"574941","22125","UNION JACK HOT WATER BOTTLE","1","8","12.9500","12.9500","103.6000","0"
"574941","23388","WOODLAND MINI BACKPACK","1","10","9.9500","9.9500","99.5000","0"
"574941","23510","MINI PLAYING CARDS GYMKHANA","1","92","1.0000","1.0000","92.0000","0"
"574941","23534","WALL ART STOP FOR TEA","1","6","14.9500","14.9500","89.7000","0"
"574941","23551","PACK OF 12 PAISLEY PARK TISSUES","1","64","1.0000","1.0000","64.0000","0"
"574941","23380","PACK OF 12 VINTAGE DOILY TISSUES","1","62","1.0000","1.0000","62.0000","0"
"574941","23101","SILVER STARS TABLE DECORATION","1","31","1.9500","1.9500","60.4500","0"
"574941","23508","MINI PLAYING CARDS DOLLY GIRL","1","54","1.0000","1.0000","54.0000","0"
"574941","23352","ROLL WRAP 50'S RED CHRISTMAS","1","17","2.9500","2.9500","50.1500","0"
"574941","23311","VINTAGE CHRISTMAS STOCKING","1","8","5.9500","5.9500","47.6000","0"
"574941","23499","SET 12 VINTAGE DOILY CHALK","1","43","1.0000","1.0000","43.0000","0"
"574941","23502","PLAYING CARDS VINTAGE DOILY","1","14","2.9500","2.9500","41.3000","0"
"574941","23536","WALL ART VILLAGE SHOW","1","1","16.0900","16.0900","16.0900","0"
"576365","22086","PAPER CHAIN KIT 50'S CHRISTMAS","1","688","6.9500","6.9500","4781.6000","0"
"576365","22158","3 HEARTS HANGING DECORATION RUSTIC","1","326","6.9500","6.9500","2265.7000","0"
"576365","22197","POPCORN HOLDER","1","1130","1.9500","1.9500","2203.5000","0"
"576365","23084","RABBIT NIGHT LIGHT","1","404","4.9500","4.9500","1999.8000","0"
"576365","23344","JUMBO BAG 50'S CHRISTMAS","1","392","4.9500","4.9500","1940.4000","0"
"576365","22910","PAPER CHAIN KIT VINTAGE CHRISTMAS","1","244","6.9500","6.9500","1695.8000","0"
"576365","23571","TRADITIONAL NAUGHTS & CROSSES","1","323","3.9500","3.9500","1275.8500","0"
"576365","23203","JUMBO BAG VINTAGE DOILY","1","232","4.9500","4.9500","1148.4000","0"
"576365","23581","JUMBO BAG PAISLEY PARK","1","225","4.9500","4.9500","1113.7500","0"
"576365","22130","PARTY CONE CHRISTMAS DECORATION","1","654","1.6600","1.6600","1085.6400","0"
"576365","23570","TRADITIONAL PICK UP STICKS GAME","1","360","2.9500","2.9500","1062.0000","0"
"576365","23313","VINTAGE CHRISTMAS BUNTING","1","81","12.9500","12.9500","1048.9500","0"
"576365","23343","JUMBO BAG VINTAGE CHRISTMAS","1","193","4.9500","4.9500","955.3500","0"
"576365","84347","ROTATING SILVER ANGELS T-LIGHT HLDR","1","135","5.9500","5.9500","803.2500","0"
"576365","21915","RED HARMONICA IN BOX","1","268","2.9500","2.9500","790.6000","0"
"576365","23201","JUMBO BAG ALPHABET","1","158","4.9500","4.9500","782.1000","0"
"576365","23321","SMALL WHITE HEART OF WICKER","1","192","3.9500","3.9500","758.4000","0"
"576365","23582","VINTAGE DOILY JUMBO BAG RED","1","153","4.9500","4.9500","757.3500","0"
"576365","21791","VINTAGE HEADS AND TAILS CARD GAME","1","249","2.9500","2.9500","734.5500","0"
"576365","20971","PINK BLUE FELT CRAFT TRINKET BOX","1","246","2.9500","2.9500","725.7000","0"
"576365","84978","HANGING HEART JAR T-LIGHT HOLDER","1","246","2.9500","2.9500","725.7000","0"
"576365","23077","DOUGHNUT LIP GLOSS","1","232","2.9500","2.9500","684.4000","0"
"576365","23301","GARDENERS KNEELING PAD KEEP CALM","1","171","3.9500","3.9500","675.4500","0"
"576365","22749","FELTCRAFT PRINCESS CHARLOTTE DOLL","1","71","8.9500","8.9500","635.4500","0"
"576365","23300","GARDENERS KNEELING PAD CUP OF TEA","1","153","3.9500","3.9500","604.3500","0"
"576365","22144","CHRISTMAS CRAFT LITTLE FRIENDS","1","111","4.9500","4.9500","549.4500","0"
"576365","21914","BLUE HARMONICA IN BOX","1","183","2.9500","2.9500","539.8500","0"
"576365","21591","COSY HOUR CIGAR BOX MATCHES","1","180","2.9500","2.9500","531.0000","0"
"576365","21790","VINTAGE SNAP CARDS","1","268","1.9500","1.9500","522.6000","0"
"576365","23493","VINTAGE DOILY TRAVEL SEWING KIT","1","129","3.9500","3.9500","509.5500","0"
"576365","22866","HAND WARMER SCOTTY DOG DESIGN","1","102","4.9500","4.9500","504.9000","0"
"576365","23154","SET OF 4 JAM JAR MAGNETS","1","164","2.9500","2.9500","483.8000","0"
"576365","22867","HAND WARMER BIRD DESIGN","1","96","4.9500","4.9500","475.2000","0"
"576365","23188","VINTAGE 2 METRE FOLDING RULER","1","120","3.9500","3.9500","474.0000","0"
"576365","23439","HAND WARMER RED LOVE HEART","1","95","4.9500","4.9500","470.2500","0"
"576365","22141","CHRISTMAS CRAFT TREE TOP ANGEL","1","94","4.9500","4.9500","465.3000","0"
"576365","21889","WOODEN BOX OF DOMINOES","1","152","2.9500","2.9500","448.4000","0"
"576365","22993","SET OF 4 PANTRY JELLY MOULDS","1","140","2.9500","2.9500","413.0000","0"
"576365","22909","SET OF 20 VINTAGE CHRISTMAS NAPKINS","1","207","1.9500","1.9500","403.6500","0"
"576365","22469","HEART OF WICKER SMALL","1","102","3.9500","3.9500","402.9000","0"
"576365","22865","HAND WARMER OWL DESIGN","1","81","4.9500","4.9500","400.9500","0"
"576365","22551","PLASTERS IN TIN SPACEBOY","1","99","3.9500","3.9500","391.0500","0"
"576365","22961","JAM MAKING SET PRINTED","1","98","3.9500","3.9500","387.1000","0"
"576365","22952","60 CAKE CASES VINTAGE CHRISTMAS","1","256","1.5000","1.5000","384.0000","0"
"576365","84946","ANTIQUE SILVER T-LIGHT GLASS","1","130","2.9500","2.9500","383.5000","0"
"576365","22111","SCOTTIE DOG HOT WATER BOTTLE","1","28","12.9500","12.9500","362.6000","0"
"576365","23504","PLAYING CARDS JUBILEE UNION JACK","1","118","2.9500","2.9500","348.1000","0"
"576365","22992","REVOLVER WOODEN RULER","1","68","4.9500","4.9500","336.6000","0"
"576365","22734","SET OF 6 RIBBONS VINTAGE CHRISTMAS","1","47","6.9500","6.9500","326.6500","0"
"576365","22554","PLASTERS IN TIN WOODLAND ANIMALS","1","82","3.9500","3.9500","323.9000","0"
"576365","22077","6 RIBBONS RUSTIC CHARM","1","60","4.9500","4.9500","297.0000","0"
"576365","22633","HAND WARMER UNION JACK","1","59","4.9500","4.9500","292.0500","0"
"576365","22142","CHRISTMAS CRAFT WHITE FAIRY","1","73","3.9500","3.9500","288.3500","0"
"576365","23319","BOX OF 6 MINI 50'S CRACKERS","1","48","5.9500","5.9500","285.6000","0"
"576365","23378","PACK OF 12 50'S CHRISTMAS TISSUES","1","281","1.0000","1.0000","281.0000","0"
"576365","23207","LUNCH BAG ALPHABET DESIGN","1","56","4.9500","4.9500","277.2000","0"
"576365","23503","PLAYING CARDS KEEP CALM & CARRY ON","1","94","2.9400","2.9400","276.3600","0"
"576365","22748","POPPY'S PLAYHOUSE KITCHEN","1","55","4.9500","4.9500","272.2500","0"
"576365","23309","SET OF 60 I LOVE LONDON CAKE CASES","1","181","1.5000","1.5000","271.5000","0"
"576365","23494","VINTAGE DOILY DELUXE SEWING KIT","1","18","14.9500","14.9500","269.1000","0"
"576365","23535","WALL ART BICYCLE SAFETY","1","17","14.9500","14.9500","254.1500","0"
"576365","22492","MINI PAINT SET VINTAGE","1","130","1.9500","1.9500","253.5000","0"
"576365","22114","HOT WATER BOTTLE TEA AND SYMPATHY","1","24","9.9500","9.9500","238.8000","0"
"576365","23192","BUNDLE OF 3 ALPHABET EXERCISE BOOKS","1","59","3.9500","3.9500","233.0500","0"
"576365","23534","WALL ART STOP FOR TEA","1","15","14.9500","14.9500","224.2500","0"
"576365","22991","GIRAFFE WOODEN RULER","1","43","4.9500","4.9500","212.8500","0"
"576365","23526","WALL ART DOG LICENCE","1","14","14.9500","14.9500","209.3000","0"
"576365","23367","SET 12 COLOUR PENCILS SPACEBOY","1","139","1.5000","1.5000","208.5000","0"
"576365","23365","SET 12 COLOUR PENCILS LOVE LONDON","1","138","1.5000","1.5000","207.0000","0"
"576365","22745","POPPY'S PLAYHOUSE BEDROOM","1","41","4.9500","4.9500","202.9500","0"
"576365","22616","PACK OF 12 LONDON TISSUES","1","199","1.0000","1.0000","199.0000","0"
"576365","23369","SET 36 COLOUR PENCILS LOVE LONDON","1","66","2.9500","2.9500","194.7000","0"
"576365","22561","WOODEN SCHOOL COLOURING SET","1","48","3.9500","3.9500","189.6000","0"
"576365","84832","ZINC WILLIE WINKIE CANDLE STICK","1","94","1.9500","1.9500","183.3000","0"
"576365","20973","12 PENCIL SMALL TUBE WOODLAND","1","121","1.5000","1.5000","181.5000","0"
"576365","23370","SET 36 COLOURING PENCILS DOILY","1","60","2.9500","2.9500","177.0000","0"
"576365","23371","SET 36 COLOUR PENCILS SPACEBOY","1","60","2.9500","2.9500","177.0000","0"
"576365","22727","ALARM CLOCK BAKELIKE RED","1","19","8.9500","8.9500","170.0500","0"
"576365","23366","SET 12 COLOURING PENCILS DOILY","1","113","1.5000","1.5000","169.5000","0"
"576365","23505","PLAYING CARDS I LOVE LONDON","1","57","2.9500","2.9500","168.1500","0"
"576365","23247","BISCUIT TIN 50'S CHRISTMAS","1","24","6.9500","6.9500","166.8000","0"
"576365","22726","ALARM CLOCK BAKELIKE GREEN","1","18","8.9500","8.9500","161.1000","0"
"576365","23376","PACK OF 12 VINTAGE CHRISTMAS TISSUE","1","156","1.0000","1.0000","156.0000","0"
"576365","23511","EMBROIDERED RIBBON REEL EMILY","1","29","4.9500","4.9500","143.5500","0"
"576365","23355","HOT WATER BOTTLE KEEP CALM","1","11","12.9600","12.9600","142.5600","0"
"576365","23354","6 GIFT TAGS 50'S CHRISTMAS","1","64","1.9500","1.9500","124.8000","0"
"576365","22998","TRAVEL CARD WALLET KEEP CALM","1","104","1.0000","1.0000","104.0000","0"
"576365","23510","MINI PLAYING CARDS GYMKHANA","1","96","1.0000","1.0000","96.0000","0"
"576365","23551","PACK OF 12 PAISLEY PARK TISSUES","1","96","1.0000","1.0000","96.0000","0"
"576365","23360","SET 8 CANDLES VINTAGE DOILY","1","19","4.9500","4.9500","94.0500","0"
"576365","23005","TRAVEL CARD WALLET I LOVE LONDON","1","94","1.0000","1.0000","94.0000","0"
"576365","23380","PACK OF 12 VINTAGE DOILY TISSUES","1","76","1.0000","1.0000","76.0000","0"
"576365","23508","MINI PLAYING CARDS DOLLY GIRL","1","74","1.0000","1.0000","74.0000","0"
"576365","23517","EMBROIDERED RIBBON REEL REBECCA","1","7","6.9500","6.9500","48.6500","0"
"576365","23101","SILVER STARS TABLE DECORATION","1","17","1.9500","1.9500","33.1500","0"
"576365","23515","EMBROIDERED RIBBON REEL DAISY","1","6","4.9500","4.9500","29.7000","0"
"576365","23516","EMBROIDERED RIBBON REEL SOPHIE","1","4","6.9500","6.9500","27.8000","0"
"576365","23536","WALL ART VILLAGE SHOW","1","1","14.9500","14.9500","14.9500","0"
"576365","23518","EMBROIDERED RIBBON REEL RACHEL","1","2","6.9500","6.9500","13.9000","0"
