"invoice_month","invoice_no","first_line_time","country_count","country","positive_lines","product_codes","units","positive_value_gbp","duplicate_candidate_value_gbp","invoice_rank","month_value_gbp","share_of_unidentified_month_value"
"2011-10","573585","2011-10-31 14:41:00.000","1","United Kingdom","1112","1108","5196","14838.8600","0.0000","1","101023.6300","0.14688504065830935"
"2011-10","569414","2011-10-04 10:11:00.000","1","United Kingdom","88","81","1064","4701.2200","0.0000","2","101023.6300","0.04653584512851102"
"2011-10","571554","2011-10-18 09:13:00.000","1","United Kingdom","65","63","638","2884.2900","0.0000","3","101023.6300","0.028550647011991153"
"2011-10","572185","2011-10-21 10:52:00.000","1","United Kingdom","60","57","564","2801.9200","0.0000","4","101023.6300","0.027735293218032257"
"2011-10","571119","2011-10-14 09:04:00.000","1","United Kingdom","74","71","584","2733.6500","0.0000","5","101023.6300","0.027059510730311313"
"2011-10","572897","2011-10-26 14:42:00.000","1","United Kingdom","173","173","494","2550.9800","0.0000","6","101023.6300","0.025251319913964683"
"2011-10","572704","2011-10-25 14:39:00.000","1","United Kingdom","65","63","511","2394.1000","0.0000","7","101023.6300","0.023698415905268895"
"2011-10","573274","2011-10-28 13:10:00.000","1","United Kingdom","65","65","505","2362.8300","0.0000","8","101023.6300","0.02338888436299507"
"2011-10","570592","2011-10-11 11:37:00.000","1","United Kingdom","73","72","543","2299.6100","0.0000","9","101023.6300","0.022763090179990564"
"2011-10","570258","2011-10-10 09:56:00.000","1","United Kingdom","153","153","419","2280.4200","0.0000","10","101023.6300","0.022573134622068124"
"2011-11","574941","2011-11-07 17:42:00.000","1","United Kingdom","101","101","14149","52940.9400","0.0000","1","315596.4700","0.16774883445305966"
"2011-11","576365","2011-11-14 17:55:00.000","1","United Kingdom","99","99","13956","50653.9100","0.0000","2","315596.4700","0.16050214376605673"
"2011-11","577150","2011-11-18 09:48:00.000","1","United Kingdom","94","86","1457","7043.6900","0.0000","3","315596.4700","0.022318659014151837"
"2011-11","578746","2011-11-25 11:36:00.000","1","United Kingdom","78","74","1402","6778.7300","0.0000","4","315596.4700","0.021479105897477244"
"2011-11","577844","2011-11-22 10:41:00.000","1","United Kingdom","85","78","1242","6167.5300","0.0000","5","315596.4700","0.019542455592104692"
"2011-11","579777","2011-11-30 15:13:00.000","1","United Kingdom","686","686","1762","5880.6400","0.0000","6","315596.4700","0.018633415006194462"
"2011-11","578149","2011-11-23 11:11:00.000","1","United Kingdom","281","281","1007","5848.7100","0.0000","7","315596.4700","0.01853224150447564"
"2011-11","578833","2011-11-25 15:23:00.000","1","United Kingdom","246","246","912","5455.5800","0.0000","8","315596.4700","0.017286568509464"
"2011-11","578344","2011-11-24 09:21:00.000","1","United Kingdom","621","621","1602","5422.2600","0.0000","9","315596.4700","0.017180990649230014"
"2011-11","577358","2011-11-18 15:59:00.000","1","United Kingdom","560","560","1620","5378.4500","0.0000","10","315596.4700","0.01704217414092116"
