"invoice_no","first_line_time","customer_id","identified_ids","country","countries","positive_lines","products","units","positive_value_gbp","explicitly_christmas_value_gbp","duplicate_candidate_value_gbp","share_of_day_positive_value"
"578305","2011-11-23 15:44:00.000","14088","1","United Kingdom","1","132","132","2111","10584.7700","0.0000","0.0000","0.13883189538313911"
"578140","2011-11-23 10:58:00.000","14646","1","Netherlands","1","42","42","5760","7952.6800","0.0000","0.0000","0.10430889266139771"
"578149","2011-11-23 11:11:00.000",,"0","United Kingdom","1","281","281","1007","5848.7100","602.3100","0.0000","0.07671281424597035"
"578270","2011-11-23 13:39:00.000","14096","1","United Kingdom","1","441","438","1800","5666.4600","883.7100","0.0000","0.07432238791326995"
"578125","2011-11-23 10:31:00.000","17511","1","United Kingdom","1","45","45","3806","3956.6800","984.0000","0.0000","0.05189658195922621"
"578321","2011-11-23 16:59:00.000","12557","1","Spain","1","4","4","920","2990.0000","0.0000","0.0000","0.03921741966954274"
"578233","2011-11-23 12:20:00.000","14049","1","United Kingdom","1","212","204","1699","2396.3300","286.2300","62.3500","0.03143072885508875"
"578143","2011-11-23 11:06:00.000","14646","1","Netherlands","1","11","11","1284","1835.9600","0.0000","0.0000","0.024080807296486186"
"578243","2011-11-23 12:33:00.000","13448","1","United Kingdom","1","33","33","452","1050.3200","0.0000","0.0000","0.013776200744921113"
"578289","2011-11-23 14:07:00.000","17841","1","United Kingdom","1","136","112","400","904.5200","28.5000","59.6200","0.011863859678760802"
"578293","2011-11-23 14:36:00.000","15640","1","United Kingdom","1","33","33","364","886.8600","142.4000","0.0000","0.01163222769502698"
"578225","2011-11-23 11:51:00.000","17700","1","United Kingdom","1","48","48","441","852.8100","256.2500","0.0000","0.011185621293773491"
"578118","2011-11-23 10:08:00.000","12955","1","United Kingdom","1","29","29","620","842.0200","96.3600","0.0000","0.011044097561922534"
"578261","2011-11-23 13:24:00.000","14216","1","United Kingdom","1","10","10","210","792.9400","14.0400","0.0000","0.01040035476681178"
"578290","2011-11-23 14:07:00.000","13644","1","United Kingdom","1","37","37","481","778.9200","18.7200","0.0000","0.010216465728762619"
"578302","2011-11-23 15:23:00.000","16057","1","United Kingdom","1","38","38","243","718.8900","61.4000","0.0000","0.0094291006107818"
"578317","2011-11-23 16:47:00.000","15398","1","United Kingdom","1","38","38","394","710.6800","202.7400","0.0000","0.009321416659113924"
"578292","2011-11-23 14:35:00.000","13174","1","United Kingdom","1","72","68","425","708.7600","111.3400","0.0000","0.009296233566884653"
"578255","2011-11-23 12:58:00.000","14675","1","United Kingdom","1","102","93","341","604.7500","27.2300","8.3900","0.00793201824252708"
"578244","2011-11-23 12:36:00.000","15727","1","United Kingdom","1","39","39","438","569.6700","1.2500","0.0000","0.007471902161588097"
"578303","2011-11-23 15:39:00.000","14733","1","United Kingdom","1","12","12","119","541.7100","106.2000","0.0000","0.00710517338099933"
"578252","2011-11-23 12:48:00.000","16079","1","United Kingdom","1","5","5","228","530.1600","408.0000","0.0000","0.0069536813418076176"
"578187","2011-11-23 11:40:00.000","14336","1","United Kingdom","1","31","31","770","500.5200","99.1200","0.0000","0.006564917355518238"
"578278","2011-11-23 13:51:00.000","12748","1","United Kingdom","1","46","43","437","488.2500","0.0000","17.0000","0.0064039816567405495"
"578127","2011-11-23 10:36:00.000","13408","1","United Kingdom","1","6","6","268","472.6000","0.0000","0.0000","0.006198713222684248"
"578249","2011-11-23 12:42:00.000","16660","1","United Kingdom","1","1","1","120","457.2000","0.0000","0.0000","0.005996723837095297"
"578279","2011-11-23 13:53:00.000","14735","1","United Kingdom","1","7","7","190","446.5800","60.0000","0.0000","0.0058574298582021395"
"578297","2011-11-23 14:51:00.000","17017","1","United Kingdom","1","9","9","228","446.2800","0.0000","0.0000","0.005853495000041315"
"578248","2011-11-23 12:40:00.000","16255","1","United Kingdom","1","38","37","306","437.1200","3.9000","0.0000","0.005733350664197499"
"578299","2011-11-23 14:53:00.000","16660","1","United Kingdom","1","10","10","223","426.0900","0.0000","0.0000","0.005588679045817882"
"578251","2011-11-23 12:45:00.000","15993","1","United Kingdom","1","78","75","361","417.0500","68.4300","4.1500","0.005470108653238394"
"578102","2011-11-23 08:39:00.000","13089","1","United Kingdom","1","12","12","126","409.0000","0.0000","0.0000","0.005364523292589626"
"578304","2011-11-23 15:41:00.000","13831","1","United Kingdom","1","5","5","124","407.4000","0.0000","0.0000","0.005343537382398566"
"578265","2011-11-23 13:28:00.000","13018","1","United Kingdom","1","19","19","169","406.5300","128.0400","0.0000","0.005332126293732177"
"578121","2011-11-23 10:23:00.000","14547","1","United Kingdom","1","21","21","247","400.4000","67.8100","0.0000","0.005251724025312679"
"578171","2011-11-23 11:36:00.000","17685","1","United Kingdom","1","16","16","207","392.4000","4.5600","0.0000","0.005146794474357381"
"578108","2011-11-23 09:20:00.000","14912","1","Italy","1","13","13","526","385.0600","0.0000","0.0000","0.005050521611355895"
"578120","2011-11-23 10:21:00.000","14493","1","United Kingdom","1","21","21","252","381.2000","45.0600","0.0000","0.004999893103019964"
"578301","2011-11-23 15:14:00.000","17034","1","United Kingdom","1","14","14","188","380.6400","0.0000","0.0000","0.004992548034453093"
"578260","2011-11-23 13:15:00.000","17469","1","United Kingdom","1","17","17","172","378.9000","182.8000","0.0000","0.004969725857120315"
"578100","2011-11-23 08:17:00.000","15814","1","United Kingdom","1","18","18","236","368.1400","115.2000","0.0000","0.004828595611085439"
"578254","2011-11-23 12:52:00.000","17809","1","United Kingdom","1","7","7","180","366.8000","54.8000","0.0000","0.004811019911300427"
"578230","2011-11-23 11:58:00.000","15189","1","United Kingdom","1","2","2","144","354.0000","0.0000","0.0000","0.004643132629771949"
"578283","2011-11-23 13:54:00.000","13139","1","United Kingdom","1","7","7","224","353.5200","0.0000","0.0000","0.004636836856714632"
"578307","2011-11-23 15:53:00.000","17290","1","United Kingdom","1","53","50","276","353.0300","18.7200","4.2000","0.004630409921718619"
"578099","2011-11-23 08:05:00.000","12452","1","Switzerland","1","20","20","181","348.5700","47.3000","0.0000","0.004571911697061041"
"578298","2011-11-23 14:52:00.000","12619","1","Germany","1","16","16","458","344.7000","0.0000","0.0000","0.004521152026786416"
"578220","2011-11-23 11:49:00.000","16525","1","United Kingdom","1","5","5","214","341.5400","0.0000","0.0000","0.004479704854159073"
"578146","2011-11-23 11:07:00.000","13742","1","United Kingdom","1","49","46","123","339.4000","11.3000","7.0000","0.0044516361992785304"
"578258","2011-11-23 13:01:00.000","13263","1","United Kingdom","1","60","60","261","338.6300","76.6300","0.0000","0.004441536729999083"
"578277","2011-11-23 13:51:00.000","12723","1","France","1","25","25","212","329.1200","12.7900","0.0000","0.004316801726300972"
"578211","2011-11-23 11:47:00.000","12748","1","United Kingdom","1","59","57","343","319.7100","34.6000","2.9300","0.004193378341989802"
"578315","2011-11-23 16:34:00.000","17725","1","United Kingdom","1","19","19","167","319.3300","0.0000","0.0000","0.004188394188319426"
"578151","2011-11-23 11:18:00.000","16020","1","United Kingdom","1","19","19","187","315.7100","19.5600","0.0000","0.004140913566512153"
"578116","2011-11-23 09:51:00.000","13078","1","United Kingdom","1","7","7","285","314.8100","0.0000","0.0000","0.004129108992029683"
"578262","2011-11-23 13:27:00.000","18283","1","United Kingdom","1","107","94","251","313.6500","103.2600","6.6000","0.0041138942071411635"
"578310","2011-11-23 16:22:00.000","17434","1","United Kingdom","1","21","21","160","313.5200","20.4000","0.0000","0.00411218910193814"
"578106","2011-11-23 09:02:00.000","16133","1","United Kingdom","1","6","6","174","312.5000","0.0000","0.0000","0.00409881058419134"
"578109","2011-11-23 09:22:00.000","14020","1","United Kingdom","1","21","21","261","311.6600","44.1600","0.0000","0.004087792981341033"
"578104","2011-11-23 08:43:00.000","13969","1","United Kingdom","1","15","15","90","308.4600","49.0000","0.0000","0.0040458211609589135"
"578316","2011-11-23 16:43:00.000","14189","1","United Kingdom","1","18","18","241","302.4400","128.6400","0.0000","0.003966861673865052"
"578234","2011-11-23 12:22:00.000","13650","1","United Kingdom","1","17","17","130","298.2400","48.2400","0.0000","0.00391177365961352"
"578141","2011-11-23 11:04:00.000","14646","1","Netherlands","1","1","1","200","290.0000","0.0000","0.0000","0.0038036962221295635"
"578231","2011-11-23 12:05:00.000","14527","1","United Kingdom","1","24","24","66","286.8000","0.0000","0.0000","0.003761724401747444"
"578314","2011-11-23 16:33:00.000","13350","1","United Kingdom","1","7","7","131","282.5500","0.0000","0.0000","0.003705980577802442"
"578263","2011-11-23 13:27:00.000","17422","1","United Kingdom","1","16","16","504","280.4000","141.2800","0.0000","0.003677780760983205"
"578229","2011-11-23 11:54:00.000","16066","1","United Kingdom","1","21","21","109","273.3500","32.3900","0.0000","0.003585311594203849"
"578300","2011-11-23 15:02:00.000","12664","1","Finland","1","1","1","72","270.0000","0.0000","0.0000","0.0035413723447413176"
"578128","2011-11-23 10:38:00.000","12919","1","United Kingdom","1","8","8","156","269.5200","30.0000","0.0000","0.0035350765716839995"
"578309","2011-11-23 16:20:00.000","15253","1","United Kingdom","1","14","14","256","256.8000","129.1200","0.0000","0.0033682385856650754"
"578103","2011-11-23 08:42:00.000","17554","1","United Kingdom","1","9","9","156","254.1200","0.0000","0.0000","0.0033330871860950506"
"578133","2011-11-23 10:55:00.000","14205","1","United Kingdom","1","10","10","78","243.8000","0.0000","0.0000","0.003197728065362716"
"578306","2011-11-23 15:46:00.000","17410","1","United Kingdom","1","11","11","150","236.3400","15.0000","0.0000","0.0030998812590969003"
"578312","2011-11-23 16:24:00.000","14032","1","United Kingdom","1","8","8","90","229.2600","0.0000","0.0000","0.003007018606501461"
"578117","2011-11-23 10:01:00.000","14334","1","United Kingdom","1","14","14","134","223.5000","0.0000","0.0000","0.0029314693298136464"
"578174","2011-11-23 11:37:00.000","13576","1","United Kingdom","1","11","11","111","219.2300","18.7200","0.0000","0.002875463181991256"
"578281","2011-11-23 13:53:00.000","14099","1","United Kingdom","1","15","15","74","213.8000","8.5000","0.0000","0.0028042422492803474"
"578323","2011-11-23 17:19:00.000","15743","1","United Kingdom","1","23","23","50","212.8500","0.0000","0.0000","0.0027917818651044053"
"578322","2011-11-23 17:10:00.000","12948","1","United Kingdom","1","10","10","60","209.9400","115.2900","0.0000","0.0027536137409444154"
"578272","2011-11-23 13:40:00.000","17463","1","United Kingdom","1","13","13","126","198.3100","107.0600","0.0000","0.002601072406243151"
"578114","2011-11-23 09:41:00.000","16185","1","United Kingdom","1","12","12","107","194.4100","124.9900","0.0000","0.002549919250152443"
"578147","2011-11-23 11:09:00.000","12748","1","United Kingdom","1","47","43","136","193.5100","18.4600","1.0700","0.0025381146756699715"
"578153","2011-11-23 11:22:00.000","12748","1","United Kingdom","1","51","47","191","193.2900","32.8300","7.1500","0.002535229113018701"
"578326","2011-11-23 17:45:00.000","16343","1","United Kingdom","1","20","17","102","192.0100","0.0000","24.9500","0.002518440384865853"
"578275","2011-11-23 13:46:00.000","15916","1","United Kingdom","1","34","30","155","188.3800","11.8000","6.7500","0.0024708286011198865"
"578324","2011-11-23 17:32:00.000","17530","1","United Kingdom","1","27","25","103","178.7000","31.2900","6.2500","0.0023438638444639756"
"578325","2011-11-23 17:43:00.000","16343","1","United Kingdom","1","27","22","93","178.4700","0.0000","16.9500","0.002340847119874011"
"578155","2011-11-23 11:32:00.000","12748","1","United Kingdom","1","51","46","73","176.9400","8.5000","12.1700","0.00232077934325381"
"578295","2011-11-23 14:39:00.000","12569","1","Germany","1","6","6","72","168.3000","0.0000","0.0000","0.002207455428222088"
"578318","2011-11-23 16:48:00.000","17135","1","United Kingdom","1","9","9","120","164.7000","27.3000","0.0000","0.0021602371302922034"
"578111","2011-11-23 09:28:00.000","14790","1","United Kingdom","1","5","5","98","164.2800","85.0000","0.0000","0.0021547283288670506"
"578266","2011-11-23 13:34:00.000","12748","1","United Kingdom","1","41","41","66","141.6800","1.7000","0.0000","0.001858302347418333"
"578247","2011-11-23 12:39:00.000","14581","1","United Kingdom","1","17","16","217","138.6000","72.5500","0.0000","0.001817904470300543"
"578152","2011-11-23 11:21:00.000","16954","1","United Kingdom","1","1","1","12","131.4000","0.0000","0.0000","0.0017234678744407746"
"578250","2011-11-23 12:43:00.000","15901","1","United Kingdom","1","50","46","56","130.5300","12.6100","8.0000","0.0017120567857743859"
"578313","2011-11-23 16:24:00.000","17757","1","United Kingdom","1","7","7","51","130.1300","5.7800","0.0000","0.0017068103082266209"
"578107","2011-11-23 09:09:00.000","15949","1","United Kingdom","1","7","7","116","127.6800","62.7600","0.0000","0.001674675633246561"
"578105","2011-11-23 08:47:00.000","14911","1","EIRE","1","7","7","59","127.3300","0.0000","0.0000","0.0016700849653922666"
"578264","2011-11-23 13:27:00.000","12748","1","United Kingdom","1","33","33","99","123.6400","2.9500","0.0000","0.0016216862100141352"
"578246","2011-11-23 12:38:00.000","13991","1","United Kingdom","1","6","6","162","116.4600","18.7200","0.0000","0.001527511938031755"
"578115","2011-11-23 09:44:00.000","16600","1","United Kingdom","1","8","8","146","115.9000","0.0000","0.0000","0.0015201668694648843"
"578273","2011-11-23 13:41:00.000","14335","1","Germany","1","21","19","39","109.0100","1.2500","1.6500","0.0014297962937046334"
"578319","2011-11-23 16:48:00.000","15393","1","United Kingdom","1","4","4","56","107.7600","0.0000","0.0000","0.0014134010513678682"
"578101","2011-11-23 08:39:00.000","13089","1","United Kingdom","1","3","3","60","105.0000","0.0000","0.0000","0.0013772003562882902"
"578130","2011-11-23 10:44:00.000","15611","1","United Kingdom","1","4","4","28","104.2000","59.2000","0.0000","0.0013667074011927604"
"578129","2011-11-23 10:39:00.000","13502","1","United Kingdom","1","9","9","154","102.8400","6.9600","0.0000","0.0013488693775303598"
"578192","2011-11-23 11:42:00.000","16954","1","United Kingdom","1","1","1","12","102.0000","0.0000","0.0000","0.0013378517746800533"
"578296","2011-11-23 14:51:00.000","16653","1","United Kingdom","1","2","2","24","94.8000","0.0000","0.0000","0.0012434151788202849"
"578113","2011-11-23 09:35:00.000","14560","1","United Kingdom","1","4","4","168","92.4000","0.0000","0.0000","0.0012119363135336954"
"578294","2011-11-23 14:37:00.000","16790","1","United Kingdom","1","5","5","31","91.4500","53.1000","0.0000","0.0011994759293577537"
"578286","2011-11-23 13:57:00.000","18084","1","United Kingdom","1","1","1","312","90.4800","90.4800","0.0000","0.0011867532213044238"
"578271","2011-11-23 13:40:00.000","13899","1","United Kingdom","1","4","4","34","90.0200","0.0000","0.0000","0.0011807197721244941"
"578253","2011-11-23 12:51:00.000","14744","1","United Kingdom","1","4","4","73","88.2000","0.0000","0.0000","0.0011568482992821638"
"578232","2011-11-23 12:13:00.000","17135","1","United Kingdom","1","1","1","1","85.0000","0.0000","0.0000","0.0011148764789000445"
"578196","2011-11-23 11:43:00.000","16168","1","United Kingdom","1","1","1","12","83.4000","83.4000","0.0000","0.0010938905687089848"
"578285","2011-11-23 13:57:00.000","12748","1","United Kingdom","1","28","28","31","81.0600","0.5500","0.0000","0.00106319867505456"
"578119","2011-11-23 10:09:00.000","17769","1","United Kingdom","1","4","4","32","72.0000","0.0000","0.0000","9.443659585976847E-4"
"578284","2011-11-23 13:56:00.000","14385","1","United Kingdom","1","5","5","66","71.6000","0.0000","0.0000","9.391194810499197E-4"
"578256","2011-11-23 12:59:00.000","17809","1","United Kingdom","1","1","1","48","69.6000","0.0000","0.0000","9.128870933110951E-4"
"578291","2011-11-23 14:18:00.000","16500","1","United Kingdom","1","2","2","22","54.9000","35.4000","0.0000","7.200790434307346E-4"
"578288","2011-11-23 14:05:00.000","12748","1","United Kingdom","1","7","7","7","49.0000","0.0000","0.0000","6.42693499601202E-4"
"578308","2011-11-23 16:09:00.000","12748","1","United Kingdom","1","14","14","27","34.2900","15.4400","0.0000","4.497542877821473E-4"
"578112","2011-11-23 09:34:00.000","16670","1","United Kingdom","1","1","1","24","30.0000","0.0000","0.0000","3.934858160823686E-4"
"578311","2011-11-23 16:22:00.000","15253","1","United Kingdom","1","1","1","10","20.8000","0.0000","0.0000","2.728168324837756E-4"
"578287","2011-11-23 14:01:00.000","12723","1","France","1","3","3","7","19.2600","0.0000","0.0000","2.526178939248807E-4"
"578150","2011-11-23 11:18:00.000","16020","1","United Kingdom","1","1","1","10","16.5000","0.0000","0.0000","2.1641719884530274E-4"
"578267","2011-11-23 13:37:00.000","12748","1","United Kingdom","1","1","1","3","12.7500","0.0000","0.0000","1.6723147183500667E-4"
"578268","2011-11-23 13:39:00.000","12748","1","United Kingdom","1","1","1","1","5.4500","0.0000","0.0000","7.148325658829698E-5"
"578126","2011-11-23 10:32:00.000","16900","1","United Kingdom","1","1","1","100","4.0000","0.0000","0.0000","5.246477547764915E-5"
"578154","2011-11-23 11:30:00.000","15117","1","United Kingdom","1","1","1","1","1.6500","0.0000","0.0000","2.1641719884530274E-5"
