"invoice_month","transaction_lines","net_value_gbp","negative_value_gbp"
"2010-12","42481","748957.0200","-74789.1200"
"2011-01","35147","560000.2600","-131364.3000"
"2011-02","27707","498062.6500","-25569.2400"
"2011-03","36748","683267.0800","-34372.2800"
"2011-04","29916","493207.1210","-44601.5000"
"2011-05","37030","723333.5100","-47202.5100"
"2011-06","36874","691123.1200","-70616.7800"
"2011-07","39518","681300.1110","-37921.0800"
"2011-08","35282","704804.6300","-54333.7500"
"2011-09","50226","1019687.6220","-38902.5500"
"2011-10","60742","1070704.6700","-84274.6300"
"2011-11","84711","1461756.2500","-47740.0800"
"2011-12","25525","433668.0100","-205124.6700"
