"day","weekday_monday_is_1","positive_invoices","positive_value_gbp","net_value_gbp","unidentified_positive_gbp","two_bulk_invoices_gbp","positive_value_excluding_two_bulk_invoices_gbp"
"2011-10-01 00:00:00","6","0","0.0000","0.0000","0.0000","0.0000","0.0000"
"2011-10-02 00:00:00","7","35","11634.5300","11623.5800","51.5800","0.0000","11634.5300"
"2011-10-03 00:00:00","1","66","61919.1600","60423.7100","3652.3600","0.0000","61919.1600"
"2011-10-04 00:00:00","2","81","47705.7900","47135.9800","9162.5000","0.0000","47705.7900"
"2011-10-05 00:00:00","3","95","74819.2600","74470.0600","1289.8300","0.0000","74819.2600"
"2011-10-06 00:00:00","4","120","61928.5800","54613.2000","2203.5300","0.0000","61928.5800"
"2011-10-07 00:00:00","5","87","52953.5700","52643.4600","4340.9000","0.0000","52953.5700"
"2011-10-08 00:00:00","6","0","0.0000","0.0000","0.0000","0.0000","0.0000"
"2011-10-09 00:00:00","7","39","12524.4000","11922.2400","57.5900","0.0000","12524.4000"
"2011-10-10 00:00:00","1","99","46300.2200","45179.0400","4031.5000","0.0000","46300.2200"
"2011-10-11 00:00:00","2","81","51840.0900","37608.1400","5737.3200","0.0000","51840.0900"
"2011-10-12 00:00:00","3","86","30839.0500","28132.6200","3994.6600","0.0000","30839.0500"
"2011-10-13 00:00:00","4","76","35901.8000","35522.7900","3341.6200","0.0000","35901.8000"
"2011-10-14 00:00:00","5","71","35115.4800","34592.8800","3951.7800","0.0000","35115.4800"
"2011-10-15 00:00:00","6","0","0.0000","0.0000","0.0000","0.0000","0.0000"
"2011-10-16 00:00:00","7","35","22010.5700","21605.0500","0.0000","0.0000","22010.5700"
"2011-10-17 00:00:00","1","87","49433.3400","45706.4300","4204.6100","0.0000","49433.3400"
"2011-10-18 00:00:00","2","84","44415.0200","43925.7300","7451.6200","0.0000","44415.0200"
"2011-10-19 00:00:00","3","83","35034.9200","34533.0500","4137.7500","0.0000","35034.9200"
"2011-10-20 00:00:00","4","87","60837.2900","60507.5300","57.4800","0.0000","60837.2900"
"2011-10-21 00:00:00","5","64","63031.6400","62784.2600","2809.3800","0.0000","63031.6400"
"2011-10-22 00:00:00","6","0","0.0000","0.0000","0.0000","0.0000","0.0000"
"2011-10-23 00:00:00","7","41","12288.7800","12252.0300","0.0000","0.0000","12288.7800"
"2011-10-24 00:00:00","1","76","44956.1600","38700.7900","7966.0800","0.0000","44956.1600"
"2011-10-25 00:00:00","2","75","40009.5400","39582.3900","4827.6700","0.0000","40009.5400"
"2011-10-26 00:00:00","3","92","36308.8000","36091.4500","2574.4800","0.0000","36308.8000"
"2011-10-27 00:00:00","4","103","48230.7100","46764.5300","1265.6900","0.0000","48230.7100"
"2011-10-28 00:00:00","5","77","39956.3900","39868.0300","3253.9400","0.0000","39956.3900"
"2011-10-29 00:00:00","6","0","0.0000","0.0000","0.0000","0.0000","0.0000"
"2011-10-30 00:00:00","7","96","34104.6900","34078.7400","0.0000","0.0000","34104.6900"
"2011-10-31 00:00:00","1","69","52566.7500","52406.6600","20659.7600","0.0000","52566.7500"
"2011-11-01 00:00:00","2","76","28873.1500","28459.5500","22.3400","0.0000","28873.1500"
"2011-11-02 00:00:00","3","85","45066.6700","44422.8900","6403.9700","0.0000","45066.6700"
"2011-11-03 00:00:00","4","102","62726.9800","62109.2800","2599.2100","0.0000","62726.9800"
"2011-11-04 00:00:00","5","93","62182.3900","59642.2700","6509.5000","0.0000","62182.3900"
"2011-11-05 00:00:00","6","0","0.0000","0.0000","0.0000","0.0000","0.0000"
"2011-11-06 00:00:00","7","102","42586.6000","42552.6600","5.0000","0.0000","42586.6000"
"2011-11-07 00:00:00","1","92","84326.5200","82628.6000","55976.2800","52940.9400","31385.5800"
"2011-11-08 00:00:00","2","107","54761.1400","53741.7500","16715.6200","0.0000","54761.1400"
"2011-11-09 00:00:00","3","119","65112.7300","61628.3900","4104.8000","0.0000","65112.7300"
"2011-11-10 00:00:00","4","127","68733.7800","68213.1300","494.9700","0.0000","68733.7800"
"2011-11-11 00:00:00","5","102","52962.7400","52638.2200","16677.3200","0.0000","52962.7400"
"2011-11-12 00:00:00","6","0","0.0000","0.0000","0.0000","0.0000","0.0000"
"2011-11-13 00:00:00","7","87","32858.4600","32308.7600","4250.9700","0.0000","32858.4600"
"2011-11-14 00:00:00","1","106","111531.1000","110806.1700","54797.1000","50653.9100","60877.1900"
"2011-11-15 00:00:00","2","107","58371.6500","58166.2100","11896.4500","0.0000","58371.6500"
"2011-11-16 00:00:00","3","130","62540.6400","61009.1700","14507.8800","0.0000","62540.6400"
"2011-11-17 00:00:00","4","136","58923.4700","58350.0600","4522.7500","0.0000","58923.4700"
"2011-11-18 00:00:00","5","108","49758.1800","48883.1000","13944.9300","0.0000","49758.1800"
"2011-11-19 00:00:00","6","0","0.0000","0.0000","0.0000","0.0000","0.0000"
"2011-11-20 00:00:00","7","100","33607.8200","33469.2600","3630.9000","0.0000","33607.8200"
"2011-11-21 00:00:00","1","100","48669.8800","47166.6600","3948.8200","0.0000","48669.8800"
"2011-11-22 00:00:00","2","134","62175.1400","60521.0100","13552.7000","0.0000","62175.1400"
"2011-11-23 00:00:00","3","130","76241.6300","75496.4100","5848.7100","0.0000","76241.6300"
"2011-11-24 00:00:00","4","112","48957.0200","46058.6700","10961.9100","0.0000","48957.0200"
"2011-11-25 00:00:00","5","83","47041.8500","46723.4400","20936.8900","0.0000","47041.8500"
"2011-11-26 00:00:00","6","0","0.0000","0.0000","0.0000","0.0000","0.0000"
"2011-11-27 00:00:00","7","57","20604.8000","20565.2200","3310.1200","0.0000","20604.8000"
"2011-11-28 00:00:00","1","114","54628.8900","53976.2700","4698.9800","0.0000","54628.8900"
"2011-11-29 00:00:00","2","135","68309.5200","67942.5100","19935.8400","0.0000","68309.5200"
"2011-11-30 00:00:00","3","107","56189.4900","55252.0400","15342.5100","0.0000","56189.4900"
"2011-12-01 00:00:00","4","121","50730.4800","49972.8600","6567.1300","0.0000","50730.4800"
"2011-12-02 00:00:00","5","120","56104.7600","55607.1900","11788.0700","0.0000","56104.7600"
"2011-12-03 00:00:00","6","0","0.0000","0.0000","0.0000","0.0000","0.0000"
"2011-12-04 00:00:00","7","66","24387.4300","24333.0300","4245.4700","0.0000","24387.4300"
"2011-12-05 00:00:00","1","126","80132.3500","79665.1100","24211.7500","0.0000","80132.3500"
"2011-12-06 00:00:00","2","114","55411.6900","52931.3500","9827.5000","0.0000","55411.6900"
"2011-12-07 00:00:00","3","105","72922.7000","72694.7100","4223.4900","0.0000","72922.7000"
"2011-12-08 00:00:00","4","120","77686.3100","76609.0900","27472.1600","0.0000","77686.3100"
"2011-12-09 00:00:00","5","44","198114.2600","29549.8800","13923.9800","0.0000","198114.2600"
