"customer_id","purchase_date","positive_invoices","positive_units","positive_value_gbp","net_value_gbp"
"14088","2011-01-21","1","1927","7544.9100","7544.9100"
"14088","2011-06-02","2","1743","7809.9300","7809.9300"
"14088","2011-06-22","1","7","33.1600","33.1600"
"14088","2011-07-13","0","0","0.0000","-76.3200"
"14088","2011-07-19","1","2565","8801.5100","8801.5100"
"14088","2011-07-27","1","70","313.5000","313.5000"
"14088","2011-08-03","1","762","1004.8800","1004.8800"
"14088","2011-10-16","1","1624","8132.3100","8132.3100"
"14088","2011-11-02","1","1161","3962.8500","3962.8500"
"14088","2011-11-18","1","58","188.7000","188.7000"
"14088","2011-11-23","1","2111","10584.7700","10584.7700"
"14088","2011-11-24","1","12","39.4800","39.4800"
"14088","2011-11-29","1","625","2075.8100","2075.8100"
"14646","2010-12-20","1","45","55.9600","55.9600"
"14646","2010-12-21","1","6668","8520.9200","8520.9200"
"14646","2011-01-14","1","8210","10389.0600","10389.0600"
"14646","2011-01-19","1","6072","7722.0400","7722.0400"
"14646","2011-01-20","1","288","305.2800","305.2800"
"14646","2011-01-21","1","5730","8060.3000","8060.3000"
"14646","2011-02-08","1","1116","1156.2800","1156.2800"
"14646","2011-02-21","2","12208","18279.4800","18279.4800"
"14646","2011-02-22","1","2940","3211.7000","3211.7000"
"14646","2011-03-25","1","722","1272.8600","1272.8600"
"14646","2011-03-29","2","12186","18247.5000","18247.5000"
"14646","2011-03-30","1","1208","1807.0400","1807.0400"
"14646","2011-04-05","2","1336","2284.2000","2284.2000"
"14646","2011-04-28","1","426","602.3600","602.3600"
"14646","2011-05-11","2","272","716.4000","716.4000"
"14646","2011-05-12","3","13262","16478.4600","16478.4600"
"14646","2011-05-18","1","408","672.4000","672.4000"
"14646","2011-05-25","1","960","1392.0000","1392.0000"
"14646","2011-05-26","1","4664","8980.8800","8980.8800"
"14646","2011-06-01","2","2874","5422.8000","5422.8000"
"14646","2011-06-19","1","4718","5683.0600","5683.0600"
"14646","2011-06-20","1","61","154.6700","154.6700"
"14646","2011-06-28","3","11010","14028.4600","14028.4600"
"14646","2011-07-20","1","9","11.0200","11.0200"
"14646","2011-08-09","2","8182","12498.7100","12498.7100"
"14646","2011-08-11","1","14730","19150.6600","19150.6600"
"14646","2011-08-12","1","992","825.6000","825.6000"
"14646","2011-08-23","1","288","424.8000","424.8000"
"14646","2011-08-26","2","5108","7428.0400","7428.0400"
"14646","2011-08-31","0","0","0.0000","-360.0000"
"14646","2011-09-08","2","1013","1946.6800","1946.6800"
"14646","2011-09-13","1","4951","8281.1200","8281.1200"
"14646","2011-09-19","2","10649","15618.2800","15618.2800"
"14646","2011-09-22","1","545","814.6200","814.6200"
"14646","2011-10-06","2","347","691.5500","691.5500"
"14646","2011-10-20","3","18140","25833.5600","25833.5600"
"14646","2011-10-21","3","2469","3220.6200","3220.6200"
"14646","2011-10-27","3","5769","9995.2200","9995.2200"
"14646","2011-11-02","3","2732","4486.9100","4486.9100"
"14646","2011-11-10","3","7784","9793.1200","9793.1200"
"14646","2011-11-16","1","146","217.5000","217.5000"
"14646","2011-11-18","1","32","136.0000","136.0000"
"14646","2011-11-22","1","372","513.2400","513.2400"
"14646","2011-11-23","3","7244","10078.6400","10078.6400"
"14646","2011-12-07","2","7818","11477.4200","11477.4200"
"14646","2011-12-08","1","140","250.6000","250.6000"
