"invoice_no","customer_id","country","transaction_type","negative_lines","negative_value_gbp"
"C581484","16446","United Kingdom","cancellation","1","-168469.6000"
"C580605",,"United Kingdom","cancellation","1","-17836.4600"
"C580604",,"United Kingdom","cancellation","1","-11586.5000"
"C580726","14096","United Kingdom","cancellation","1","-1100.4400"
"C580971","14298","United Kingdom","cancellation","3","-664.8600"
"C580954","12967","United Kingdom","cancellation","13","-436.2000"
"C580968","15622","United Kingdom","cancellation","15","-381.9500"
"C581228","16019","United Kingdom","cancellation","5","-336.0000"
"C581229","12558","USA","cancellation","11","-269.9600"
"C580702","17404","Sweden","cancellation","1","-238.0000"
"C581499","15498","United Kingdom","cancellation","1","-224.6900"
"C580263","12536","France","cancellation","11","-172.8900"
"C581009","16971","United Kingdom","cancellation","1","-125.0000"
"C580832","12753","Japan","cancellation","8","-116.9300"
"C580966","16554","United Kingdom","cancellation","10","-102.4500"
"C581409","12476","Germany","cancellation","13","-98.7500"
"C580919","16571","United Kingdom","cancellation","10","-98.5100"
"C580131","17576","United Kingdom","cancellation","3","-96.7500"
"C580165","12359","Cyprus","cancellation","4","-91.2500"
"C581145","17490","United Kingdom","cancellation","4","-83.1600"
