"customer_id","purchase_days","last_purchase","typical_gap_days","days_since_purchase","net_value_gbp","usual_gap_multiple"
"13819","3","2011-02-11","10","302","1140.3500","30.2"
"15508","4","2011-06-03","10","190","1000.2700","19.0"
"16919","11","2011-07-06","9","157","2596.4500","17.444444444444443"
"17770","4","2011-05-25","14","199","1143.2700","14.214285714285714"
"15808","4","2011-02-06","22","307","3724.7700","13.954545454545455"
"13093","7","2011-03-09","20","276","7741.4700","13.8"
"15235","10","2011-05-06","16","218","2247.5100","13.625"
"12457","6","2011-10-04","5","67","1597.7800","13.4"
"14584","4","2011-06-23","14","170","1029.2600","12.142857142857142"
"13715","4","2011-03-03","24","282","1053.9400","11.75"
"18073","10","2011-08-17","11","115","3864.4400","10.454545454545455"
"14573","8","2011-06-13","18","180","1603.7200","10.0"
"17504","6","2011-05-17","21","207","2745.2800","9.857142857142858"
"17997","8","2011-09-26","8","75","1528.6800","9.375"
"14414","7","2011-09-09","10","92","1485.1300","9.2"
"15379","7","2011-06-23","22","170","3631.8900","7.7272727272727275"
"17723","6","2011-08-04","17","128","3276.4000","7.529411764705882"
"16174","3","2011-08-05","17","127","1009.5500","7.470588235294118"
"12843","8","2011-10-05","9","66","1680.7600","7.333333333333333"
"18231","5","2011-05-31","28","193","2066.1700","6.892857142857143"
"12980","9","2011-07-05","23","158","7092.0600","6.869565217391305"
"16745","17","2011-09-14","13","87","7170.7000","6.6923076923076925"
"14364","7","2011-08-23","17","109","3717.3500","6.411764705882353"
"17230","4","2011-03-20","44","265","3466.6700","6.0227272727272725"
"15706","4","2011-10-07","11","64","1001.8100","5.818181818181818"
"12754","3","2011-04-18","42","236","3010.7400","5.619047619047619"
"18260","6","2011-06-20","33","173","2595.0000","5.242424242424242"
"13475","4","2011-06-01","37","192","1431.7800","5.1891891891891895"
"16928","17","2011-09-20","16","81","2773.5500","5.0625"
"18168","6","2011-06-16","35","177","1133.6400","5.057142857142857"
"15939","13","2011-09-11","18","90","6087.2600","5.0"
"17656","5","2011-09-27","15","74","1674.6900","4.933333333333334"
"18116","8","2011-10-03","15","68","1414.4300","4.533333333333333"
"15569","4","2011-08-28","23","104","1375.7100","4.521739130434782"
"12840","4","2011-07-19","32","144","2714.2700","4.5"
"12868","6","2011-06-07","42","186","1607.0600","4.428571428571429"
"18239","5","2011-05-05","50","219","1561.6100","4.38"
"14403","4","2011-08-01","30","131","1426.3100","4.366666666666666"
"13752","6","2011-08-07","29","125","1186.2800","4.310344827586207"
"14758","4","2011-07-18","34","145","1484.0600","4.264705882352941"
"13631","7","2011-09-01","24","100","3021.7700","4.166666666666667"
"13082","7","2011-08-05","31","127","3595.4800","4.096774193548387"
"16180","7","2011-08-31","25","101","10217.4800","4.04"
"18008","8","2011-09-30","18","71","2116.1900","3.9444444444444446"
"16553","6","2011-06-29","42","164","5664.5700","3.9047619047619047"
"14472","8","2011-08-28","28","104","1936.8400","3.7142857142857144"
"12947","6","2011-07-19","39","144","1407.2900","3.6923076923076925"
"17061","9","2011-09-27","21","74","5116.1300","3.5238095238095237"
"18093","4","2011-09-07","27","94","2083.4200","3.4814814814814814"
"17050","6","2011-09-04","28","97","3228.8400","3.4642857142857144"
"12383","5","2011-06-08","54","185","1617.3100","3.425925925925926"
"14740","3","2011-05-26","58","198","1423.2100","3.413793103448276"
"17787","4","2011-07-10","48","153","1865.1900","3.1875"
"15777","3","2011-04-12","76","242","1021.6100","3.1842105263157894"
"15108","3","2011-07-21","46","142","1150.7500","3.0869565217391304"
"14952","8","2011-10-11","20","60","7912.7900","3.0"
"15704","3","2011-07-22","47","141","2293.6200","3.0"
"12643","5","2011-08-03","44","129","3041.6400","2.9318181818181817"
"17894","8","2011-09-29","25","72","1119.3900","2.88"
"15410","8","2011-09-16","30","85","3450.8400","2.8333333333333335"
"16681","6","2011-09-28","26","73","1770.3400","2.8076923076923075"
"15002","4","2011-08-16","42","116","1641.7600","2.761904761904762"
"13027","6","2011-08-18","42","114","6912.0000","2.7142857142857144"
"17204","3","2011-06-17","66","176","1352.9100","2.6666666666666665"
"16045","4","2011-08-12","45","120","1340.7000","2.6666666666666665"
"13158","4","2011-09-06","36","95","1201.0600","2.638888888888889"
"16175","4","2011-09-06","36","95","1037.5900","2.638888888888889"
"14745","4","2011-08-19","43","113","1167.1600","2.627906976744186"
"14016","4","2011-07-01","62","162","4278.4600","2.6129032258064515"
"15716","4","2011-07-17","56","146","1118.8100","2.607142857142857"
"13492","3","2011-07-26","53","137","1269.8400","2.5849056603773586"
"14837","4","2011-09-11","35","90","1641.2000","2.5714285714285716"
"14854","7","2011-09-22","31","79","2749.8900","2.5483870967741935"
"17337","4","2011-07-11","60","152","1942.8700","2.533333333333333"
"12399","4","2011-08-12","48","120","1033.6500","2.5"
"14210","6","2011-08-26","43","106","1900.8900","2.4651162790697674"
"15491","5","2011-09-05","39","96","3090.8500","2.4615384615384617"
"13869","4","2011-08-08","51","124","3104.9500","2.4313725490196076"
"15260","6","2011-08-31","42","101","1780.7700","2.4047619047619047"
"14828","3","2011-05-27","82","197","2139.7600","2.402439024390244"
"15241","8","2011-10-04","28","67","1738.5900","2.392857142857143"
"14161","3","2011-05-08","91","216","1110.5200","2.3736263736263736"
"15827","11","2011-09-27","32","74","1648.5400","2.3125"
"15874","6","2011-10-07","28","64","4330.6700","2.2857142857142856"
"17457","5","2011-08-05","56","127","1737.7000","2.267857142857143"
"17085","5","2011-08-08","55","124","1555.0500","2.2545454545454544"
"15674","4","2011-09-27","33","74","1744.0200","2.242424242424242"
"16184","6","2011-10-06","29","65","1155.5400","2.2413793103448274"
"12916","4","2011-07-24","63","139","2982.3500","2.2063492063492065"
"18173","4","2011-09-14","40","87","2106.8400","2.175"
"16172","4","2011-09-05","45","96","1140.2100","2.1333333333333333"
"15625","4","2011-08-28","49","104","1504.5600","2.122448979591837"
"14665","4","2011-10-10","29","61","1258.3800","2.103448275862069"
"16889","3","2011-05-29","93","195","1578.6700","2.096774193548387"
"16214","3","2011-06-22","82","171","1062.7500","2.0853658536585367"
"14352","3","2011-07-05","77","158","1078.9600","2.051948051948052"
"13162","4","2011-08-09","62","123","1644.9900","1.9838709677419355"
"16807","3","2011-07-20","73","143","1121.5900","1.9589041095890412"
"16550","5","2011-08-23","56","109","2266.2500","1.9464285714285714"
"16370","4","2011-09-18","43","83","1320.5600","1.930232558139535"
"12502","5","2011-09-05","51","96","2995.8700","1.8823529411764706"
"14163","4","2011-09-13","47","88","2445.9100","1.872340425531915"
"14462","9","2011-10-04","36","67","1965.9000","1.8611111111111112"
"16709","4","2011-09-16","46","85","3029.8700","1.8478260869565217"
"13505","4","2011-09-28","40","73","3522.8800","1.825"
"15245","3","2011-07-28","74","135","2515.8400","1.8243243243243243"
"15996","6","2011-09-12","49","89","1044.7800","1.816326530612245"
"13552","8","2011-10-04","37","67","3539.5300","1.8108108108108107"
"12939","6","2011-10-06","36","65","11581.8000","1.8055555555555556"
"16098","7","2011-09-13","49","88","2005.6300","1.7959183673469388"
"14461","3","2011-07-14","83","149","2102.6700","1.7951807228915662"
"14078","6","2011-08-30","58","102","1049.3700","1.7586206896551724"
"17774","4","2011-09-04","56","97","1215.4600","1.7321428571428572"
"14305","3","2011-09-29","42","72","1803.7600","1.7142857142857142"
"15812","5","2011-08-24","63","108","1801.1400","1.7142857142857142"
"14407","5","2011-08-24","64","108","2096.0800","1.6875"
"13134","4","2011-09-15","51","86","1740.6300","1.6862745098039216"
"15606","9","2011-10-09","39","62","2422.6400","1.5897435897435896"
"14224","4","2011-08-21","70","111","1050.1200","1.5857142857142856"
"13486","3","2011-09-22","50","79","1122.4100","1.58"
"15095","3","2011-08-28","68","104","1364.7000","1.5294117647058822"
"13593","5","2011-08-23","72","109","1990.2800","1.5138888888888888"
"17400","5","2011-08-05","84","127","2129.9600","1.5119047619047619"
"17591","7","2011-09-27","49","74","2215.0200","1.510204081632653"
"15596","5","2011-08-31","67","101","1343.3400","1.507462686567164"
"12710","3","2011-09-04","65","97","1004.5700","1.4923076923076923"
"18094","5","2011-09-19","55","82","3017.3000","1.490909090909091"
"16520","3","2011-06-06","126","187","1036.6200","1.4841269841269842"
"16209","5","2011-09-12","60","89","2262.6200","1.4833333333333334"
"17585","4","2011-08-22","75","110","1133.0700","1.4666666666666666"
"18178","4","2011-08-03","90","129","1573.4100","1.4333333333333333"
"12823","5","2011-09-26","53","75","1759.5000","1.4150943396226414"
"14409","5","2011-09-29","51","72","1908.2500","1.411764705882353"
"17588","3","2011-08-31","72","101","1240.2000","1.4027777777777777"
"15641","4","2011-08-26","77","106","1887.2000","1.3766233766233766"
"12455","5","2011-09-27","54","74","2339.8600","1.3703703703703705"
"14978","5","2011-09-28","54","73","1931.4200","1.3518518518518519"
"14101","6","2011-09-27","55","74","5976.7900","1.3454545454545455"
"16556","7","2011-10-04","50","67","3313.7900","1.34"
"15673","4","2011-09-12","68","89","2881.0200","1.3088235294117647"
"13908","4","2011-09-21","62","80","2297.0500","1.2903225806451613"
"12520","5","2011-09-21","62","80","2294.5100","1.2903225806451613"
"12853","3","2011-07-28","105","135","1881.7000","1.2857142857142858"
"14916","4","2011-09-30","56","71","1264.8400","1.2678571428571428"
"16456","5","2011-09-01","79","100","2158.3700","1.2658227848101267"
"17819","7","2011-09-29","57","72","3661.0700","1.263157894736842"
"16455","6","2011-10-07","51","64","1841.1800","1.2549019607843137"
"15122","3","2011-08-17","93","115","1612.1300","1.2365591397849462"
"15810","4","2011-09-22","64","79","1145.4300","1.234375"
"13802","3","2011-07-24","116","139","3906.2700","1.1982758620689655"
"14038","3","2011-09-22","66","79","1554.4800","1.196969696969697"
"15128","4","2011-10-10","51","61","1423.2500","1.196078431372549"
"12412","3","2011-09-26","63","75","1142.8800","1.1904761904761905"
"14973","3","2011-08-24","91","108","1314.4500","1.1868131868131868"
"13901","5","2011-09-28","62","73","2867.2000","1.1774193548387097"
"15518","7","2011-10-06","56","65","1918.6500","1.1607142857142858"
"15306","3","2011-10-06","56","65","1174.3500","1.1607142857142858"
"15764","4","2011-09-12","77","89","3245.4700","1.155844155844156"
"17589","4","2011-10-10","53","61","2402.9200","1.150943396226415"
"12637","7","2011-10-03","60","68","5809.2500","1.1333333333333333"
"15797","3","2011-08-18","101","114","2192.4000","1.1287128712871286"
"14257","5","2011-10-06","59","65","3087.2700","1.1016949152542372"
"14235","4","2011-09-25","69","76","3093.8600","1.1014492753623188"
"12348","4","2011-09-25","70","76","1437.2400","1.0857142857142856"
"14844","4","2011-10-07","60","64","3189.8100","1.0666666666666667"
"16477","7","2011-10-07","60","64","2494.4600","1.0666666666666667"
"15228","4","2011-10-04","63","67","3376.9600","1.0634920634920635"
"17284","6","2011-10-10","58","61","1641.6800","1.0517241379310345"
"13141","4","2011-09-16","81","85","2385.8000","1.0493827160493827"
"14307","5","2011-09-12","85","89","2995.7200","1.0470588235294118"
"14565","4","2011-09-05","92","96","2923.7700","1.0434782608695652"
"17722","4","2011-09-04","93","97","2380.6400","1.043010752688172"
"17282","3","2011-08-01","126","131","1703.4100","1.0396825396825398"
"14246","3","2011-08-21","108","111","1474.0600","1.0277777777777777"
"16755","3","2011-08-17","112","115","1484.6300","1.0267857142857142"
"17388","4","2011-09-23","76","78","1259.5600","1.0263157894736843"
"17863","6","2011-10-11","59","60","3160.0000","1.0169491525423728"
"16182","4","2011-09-28","73","73","6617.6500","1.0"
"14970","4","2011-10-02","69","69","1592.0600","1.0"
"13397","5","2011-09-28","73","73","1539.1800","1.0"
"16503","4","2011-08-25","108","107","1421.4300","0.9907407407407407"
"13414","3","2011-07-29","139","134","1390.5000","0.9640287769784173"
"12507","3","2011-07-28","143","135","1006.0600","0.9440559440559441"
"16316","7","2011-10-06","69","65","2755.5600","0.9420289855072463"
"14276","3","2011-09-02","109","99","1019.3900","0.908256880733945"
"16059","6","2011-10-05","73","66","1459.8600","0.9041095890410958"
"15815","5","2011-10-07","72","64","2100.6000","0.8888888888888888"
"16875","4","2011-10-03","77","68","2023.4700","0.8831168831168831"
"16317","3","2011-08-12","136","120","1341.6500","0.8823529411764706"
"17873","5","2011-09-20","92","81","1634.9800","0.8804347826086957"
"14561","3","2011-09-25","87","76","1080.7600","0.8735632183908046"
"13208","5","2011-10-11","69","60","1199.4200","0.8695652173913043"
"12393","4","2011-09-28","84","73","1582.6000","0.8690476190476191"
"18204","3","2011-09-29","83","72","1979.3000","0.8674698795180723"
"13425","3","2011-08-23","126","109","1624.2100","0.8650793650793651"
"16493","4","2011-09-21","94","80","1329.6600","0.851063829787234"
"16735","4","2011-09-22","95","79","2269.2100","0.8315789473684211"
"13517","3","2011-10-11","73","60","2109.0700","0.821917808219178"
"15199","4","2011-10-11","73","60","1268.7000","0.821917808219178"
"16951","3","2011-07-28","168","135","1262.7500","0.8035714285714286"
"13562","3","2011-09-19","104","82","1799.3300","0.7884615384615384"
"15416","4","2011-10-06","84","65","3974.3700","0.7738095238095238"
"17667","4","2011-10-04","87","67","2055.5100","0.7701149425287356"
"12409","3","2011-09-22","103","79","11056.9300","0.7669902912621359"
"17320","3","2011-08-31","136","101","1200.6200","0.7426470588235294"
"18235","3","2011-09-29","97","72","1796.4800","0.7422680412371134"
"13320","3","2011-09-22","107","79","1491.7000","0.7383177570093458"
"12836","4","2011-10-11","82","60","2612.8600","0.7317073170731707"
"13334","3","2011-09-18","115","83","3536.8200","0.7217391304347827"
"13330","3","2011-09-08","130","93","1140.9300","0.7153846153846154"
"17058","3","2011-09-19","118","82","1179.8900","0.6949152542372882"
"15192","3","2011-08-12","174","120","1044.3200","0.6896551724137931"
"16842","3","2011-08-31","147","101","1260.4400","0.6870748299319728"
"16086","5","2011-10-11","88","60","1119.3100","0.6818181818181818"
"16395","5","2011-10-10","90","61","1486.9000","0.6777777777777778"
"17002","3","2011-09-15","130","86","1487.7800","0.6615384615384615"
"15834","3","2011-09-30","112","71","2082.4000","0.6339285714285714"
"13627","5","2011-10-11","97","60","1624.0200","0.6185567010309279"
"15841","4","2011-09-28","120","73","1209.1000","0.6083333333333333"
"13851","3","2011-09-05","160","96","2651.4600","0.6"
"17033","3","2011-09-14","145","87","1030.1400","0.6"
"17083","3","2011-08-22","186","110","1405.7800","0.5913978494623656"
"18242","3","2011-09-28","124","73","2232.4900","0.5887096774193549"
"12530","4","2011-10-11","103","60","1461.6300","0.5825242718446602"
"15730","3","2011-10-05","114","66","1108.3800","0.5789473684210527"
"13317","4","2011-10-04","119","67","2140.0700","0.5630252100840336"
"13124","3","2011-09-11","163","90","3866.3300","0.5521472392638037"
"16040","3","2011-10-05","120","66","1313.5500","0.55"
"13373","3","2011-10-10","118","61","3312.2500","0.5169491525423728"
"12372","3","2011-09-29","141","72","1196.0400","0.5106382978723404"
"14535","3","2011-10-10","121","61","2841.0900","0.5041322314049587"
"15549","3","2011-09-23","159","78","1652.0100","0.49056603773584906"
"12854","3","2011-09-22","163","79","1289.1500","0.48466257668711654"
"14045","3","2011-08-22","228","110","1659.7500","0.4824561403508772"
"13771","3","2011-10-06","135","65","2631.7000","0.48148148148148145"
"13611","3","2011-09-11","189","90","1158.2000","0.47619047619047616"
"13591","3","2011-10-06","140","65","1117.1300","0.4642857142857143"
"17648","3","2011-10-10","132","61","1789.5500","0.4621212121212121"
"13848","3","2011-09-08","205","93","1255.0000","0.45365853658536587"
"14514","3","2011-10-09","140","62","1055.3500","0.44285714285714284"
"17802","3","2011-09-18","192","83","1251.8400","0.4322916666666667"
"14175","3","2011-10-11","158","60","3108.0600","0.379746835443038"
"13764","3","2011-09-30","193","71","1518.7600","0.36787564766839376"
"15299","3","2011-10-03","196","68","3901.0000","0.3469387755102041"
